prompt_id,source_pair_id,category,task,baseline_prompt,optimized_prompt,modified,cleaning_notes,context_required,context_requirement,experiment_ready,baseline_context_file,optimized_context_file,context_source,context_status
P0001,1.1,assignment_writing,Compare renewable and non-renewable energy sources for an environmental science assignment.,"I am doing an assignment for my university Environmental Science course and I need help with a question about energy sources. Please write an explanation of around 200 words comparing renewable and non-renewable energy sources. Explain what each one is, give two examples of each, and discuss their main environmental impact. Please make the explanation clear and understandable for a student and make sure that all of the important points are properly explained.","For an introductory Environmental Science assignment, compare renewable and non-renewable energy sources in about 200 words. Address the following:
Define renewable and non-renewable energy.
Provide two examples of each type.
Outline the primary environmental impact of each source.",False,,False,,True,,,none,not_required
P0002,1.2,assignment_writing,Create a structured essay outline on machine learning paradigms for a data science assignment.,"I am working on an assignment for my university Data Science class where I have to draft an essay outline about supervised, unsupervised, and reinforcement learning. Can you please write a clear essay outline for me? Make sure to include an introduction section, main body section for each of the three paradigms, and a conclusion section with all relevant details so I can use it to write my paper.","For a university Data Science assignment, create a structured essay outline on Machine Learning Paradigms (Supervised, Unsupervised, Reinforcement Learning). Ensure the output includes:
1. An introduction section.
2. Three main body sections, one for each paradigm, with relevant sub-topics.
3. A conclusion section.",True,Removed the added thesis-statement requirement so both prompts request the same outline components.,False,,True,,,none,not_required
P0003,1.3,assignment_writing,Generate a comparative markdown table for microservices vs. monolithic architecture for a software engineering assignment.,"I need to complete a comparison table for my university Software Engineering assignment comparing monolithic and microservices architectures. Can you create a table for me that compares them based on key factors like scalability, deployment complexity, fault isolation, and development speed? Make sure it is formatted clearly with explanations for each point so I can copy it into my assignment report.","For a university Software Engineering assignment, generate a Markdown comparison table between Monolithic and Microservices architectures. Include:
1. Scalability.
2. Deployment complexity.
3. Fault isolation.
4. Development speed.
Provide clear comparative explanations for each criterion.",True,Removed the optimized-only 15-word-per-cell limit.,False,,True,,,none,not_required
P0004,1.4,assignment_writing,Write a case study analysis summary on corporate inflation response for a macroeconomics assignment.,"I am writing a case study analysis for my university Macroeconomics course about how tech companies respond to rising inflation rates. Could you please write a 200-word analysis paragraph summarizing the key challenge, explaining how inflation impacts operational costs, and proposing two strategic business solutions? Make sure it reads academically for submission.","For a Macroeconomics case study assignment, write a 200-word corporate analysis paragraph addressing:
Statement of the primary inflation challenge facing tech firms.
Explanation of operational cost impacts.
Proposal of two strategic economic mitigation steps.",False,,False,,True,,,none,not_required
P0005,1.5,assignment_writing,Draft an argumentative essay paragraph supporting qualitative research for a research methods assignment.,"I am working on an assignment for my university Research Methods course where I need to argue why qualitative research methods are essential for studying human behavior. Please write a compelling academic paragraph of about 150 words that presents a strong claim, supports it with logical reasoning, and addresses a common counter-argument about quantitative objectivity.","For a university Research Methods assignment, write a 150-word argumentative paragraph favoring qualitative research for human behavior studies. Include:
A clear central topic claim.
Supporting logical reasoning and justification.
A concise counter-argument rebuttal regarding quantitative objectivity.",False,,False,,True,,,none,not_required
P0006,1.6,assignment_writing,Write the discussion section of a physics lab report on pendulum period measurement.,"I have just finished a practical for my university Physics course where we measured the period of a simple pendulum at different lengths, and now I have to write the discussion section of my lab report. Could you please write a discussion of about 250 words that interprets the relationship we found, mentions the main sources of experimental error, and suggests how the experiment could be improved? Please keep the tone formal so I can submit it.","For a university Physics lab report, write a 250-word discussion section on a simple pendulum period-versus-length experiment. Ensure the output includes:
1. Interpretation of the period-length relationship.
2. Main sources of experimental error.
3. Specific improvements to the method.",True,Removed optimized-only fixed counts for errors and improvements.,False,,True,,,none,not_required
P0007,1.7,assignment_writing,Draft a reflective journal entry on a teaching placement for an education assignment.,"I am doing a teaching placement as part of my university Education degree and I have to submit a reflective journal entry about a lesson that did not go as planned. Can you please write a reflective entry of around 300 words using the Gibbs reflective cycle? I would like it to describe what happened, how I felt, what went well and badly, and what I would do differently next time. Please make it sound genuine and academic.","For a university Education placement assignment, write a 300-word reflective journal entry on a lesson that did not go as planned, structured using the Gibbs reflective cycle. Ensure the output covers:
Description and feelings stages.
Evaluation and analysis of what went well and badly.
Conclusion and action plan for future practice.",False,,False,,True,,,none,not_required
P0008,1.8,assignment_writing,Produce an annotated reference list on social media and adolescent mental health.,"For my university Psychology assignment I need to hand in an annotated bibliography about the effects of social media on adolescent mental health. Could you please create 4 annotated entries in APA style? For each one I need the reference and then a short annotation explaining what the study did, what it found, and why it is relevant to my topic. Please use placeholder references since I will replace them with my real sources.","For a university Psychology assignment, produce 4 APA-style annotated bibliography entries on social media and adolescent mental health, using placeholder references. Each entry must contain:
1. A formatted APA reference.
2. A short summary of the study method and findings.
3. A statement of relevance to the topic.",True,Removed optimized-only sentence-count constraints.,False,,True,,,none,not_required
P0009,1.9,assignment_writing,Build a SWOT analysis table for a retail chain for a business management assignment.,"I am preparing an assignment for my university Business Management module and I have to analyse a supermarket chain that is expanding into online grocery delivery. Can you please build me a SWOT analysis table with four clearly separated sections? I would like three points under each of strengths, weaknesses, opportunities and threats, and each point should be a short sentence rather than just one word so it is useful in my report.","For a university Business Management assignment, build a SWOT analysis table for a supermarket chain expanding into online grocery delivery. Ensure the output includes:
Four labelled quadrants.
Exactly three points per quadrant.
Each point written as one short full sentence.",False,,False,,True,,,none,not_required
P0010,1.10,assignment_writing,Write the introduction with aims and objectives for a civil engineering report.,"I have a report to write for my university Civil Engineering course on the use of recycled aggregate in concrete, and I am stuck on the introduction. Could you please write an introduction of about 250 words that gives the background to the problem, states the aim of the report, and lists three specific objectives? Please write it formally so that it suits an engineering report.","For a university Civil Engineering report on recycled aggregate in concrete, write a 250-word introduction. Ensure the output includes:
Background context on the problem.
One clearly stated aim.
Three numbered specific objectives.",False,,False,,True,,,none,not_required
P0011,1.11,assignment_writing,Write an executive summary for a business report on employee retention.,"I have written a long business report for my university Human Resource Management module about employee retention in the hospitality sector and now I need an executive summary to go at the front of it. Can you please write one of around 200 words? It should briefly state the purpose of the report, the main findings, and the key recommendations, and it should make sense on its own without reading the full report.","For a university Human Resource Management report on employee retention in hospitality, write a 200-word standalone executive summary. Ensure the output includes:
1. Purpose and scope of the report.
2. Main findings.
3. Key recommendations.",True,Removed optimized-only fixed counts for findings and recommendations.,False,,True,,,none,not_required
P0012,1.12,assignment_writing,Write the ethical considerations section of a psychology research proposal.,"I am submitting a research proposal for my university Psychology course. My study involves interviewing university students about exam stress, and I need to write the ethical considerations section. Could you please write approximately 250 words covering informed consent, confidentiality and anonymity, the right to withdraw, and how I would handle a participant becoming distressed? Please write it in the style expected by an ethics committee.","For a university Psychology research proposal involving student interviews on exam stress, write a 250-word ethical considerations section. Ensure the output addresses:
Informed consent procedure.
Confidentiality and anonymity measures.
Right to withdraw.
Protocol for participant distress.",False,,False,,True,,,none,not_required
P0013,1.13,assignment_writing,Write a data interpretation paragraph describing a bar chart for a statistics assignment.,"For my university Statistics assignment I have produced a bar chart showing average monthly electricity consumption across four student residence halls over one semester, and I now need to describe it in words. Can you please write an interpretation paragraph of about 180 words that describes the overall pattern, points out the highest and lowest values, and suggests one plausible explanation for the difference? Please avoid simply listing every number.","For a university Statistics assignment, write a 180-word interpretation paragraph for a bar chart of average monthly electricity consumption across four student residence halls. Ensure the output includes:
Description of the overall pattern.
Identification of highest and lowest values.
One plausible explanation for the variation.
No exhaustive listing of individual values.",False,,True,Provide the bar-chart values for the four residence halls (same chart data to both variants).,True,contexts/P0013_shared_input.txt,contexts/P0013_shared_input.txt,researcher-created controlled input,ready
P0014,1.14,assignment_writing,Write a conference poster abstract for a biotechnology project.,"I need to submit an abstract for a student research poster for my university Biotechnology department. My project was about using enzyme treatment to improve the yield of bioethanol from agricultural waste. Could you please write an abstract of around 200 words that includes the background, the method I used, the main result, and the conclusion? Please make sure it fits the usual structure that poster abstracts follow.","For a university Biotechnology student poster, write a 200-word structured abstract on enzyme pre-treatment to improve bioethanol yield from agricultural waste. Ensure the output includes:
Background and rationale.
Method summary.
Principal result.
One-sentence conclusion.",False,,True,Provide minimal project facts needed for an abstract: method details and principal result.,True,contexts/P0014_shared_input.txt,contexts/P0014_shared_input.txt,researcher-created controlled input,ready
P0015,1.15,assignment_writing,Produce formal meeting minutes for a group software project assignment.,"My group has to submit meeting minutes as part of the documentation for our university Software Engineering group project. We met to decide the database schema and to assign the next sprint tasks. Could you please write formal minutes for that meeting? Please include the attendees, the agenda items discussed, the decisions we reached, and an action list saying who is responsible for what, so it looks professional in our report.","For a university Software Engineering group project report, produce formal minutes for a meeting on database schema selection and sprint task allocation. Ensure the output includes:
Attendee list and date placeholder.
Agenda items discussed.
Decisions reached.
Action table with owner and deadline.",False,,True,"Provide meeting facts such as attendees, decisions and assigned actions, or explicitly allow placeholders.",True,contexts/P0015_shared_input.txt,contexts/P0015_shared_input.txt,researcher-created controlled input,ready
P0016,1.16,assignment_writing,Draft a persuasive stakeholder email for a professional communication assignment.,"I have a Professional Communication assignment at university where I have to write a persuasive email to a company stakeholder. The scenario is that I am proposing that the company switch to a four-day working week trial. Can you please write an email of about 200 words that opens professionally, gives two clear business benefits, acknowledges one likely concern, and ends with a specific call to action? Please keep the tone polite and confident.","For a university Professional Communication assignment, draft a 200-word persuasive stakeholder email proposing a four-day working week trial. Ensure the output includes:
1. Professional opening and clear purpose.
2. Two clear business benefits.
3. Acknowledgement of one likely concern.
4. A specific call to action.",True,Changed 'quantifiable' to 'clear' to match the baseline request.,False,,True,,,none,not_required
P0017,1.17,assignment_writing,Create a project risk assessment table for a project management assignment.,"I am doing an assignment for my university Project Management module about a campus mobile app development project, and I need to include a risk assessment. Could you please create a risk register table with five risks? For each risk I need a description, the likelihood, the impact, an overall rating, and a mitigation action. Please make the risks realistic for a student software project.","For a university Project Management assignment on a campus mobile app project, create a risk register table containing 5 realistic risks. Each row must include:
Risk description.
Likelihood and impact ratings (High/Medium/Low).
Overall risk rating.
A specific mitigation action.",False,,False,,True,,,none,not_required
P0018,1.18,assignment_writing,Write the methodology section for a sociology survey study.,"For my university Sociology assignment I have to write the methodology section of a study investigating commuting habits of students living off campus. Can you please write about 300 words explaining the research design, the sampling strategy, how the data would be collected, and how it would be analysed? Please justify each choice briefly rather than just stating it, because the marking rubric rewards justification.","For a university Sociology assignment on off-campus student commuting habits, write a 300-word methodology section. Ensure the output includes:
1. Research design with justification.
2. Sampling strategy.
3. Data collection approach.
4. Planned analysis approach.",True,Removed optimized-only target sample size requirement.,False,,True,,,none,not_required
P0019,1.19,assignment_writing,Write conclusions and recommendations for a marketing assignment.,"I have almost finished a marketing assignment for university analysing why a clothing brand's social media campaign underperformed, and I now need the final section. Could you please write about 250 words that draws conclusions from the analysis and then gives three practical recommendations? Please make sure the recommendations are specific and actionable rather than vague, as my lecturer always comments on that.","For a university Marketing assignment on an underperforming social media campaign, write a 250-word conclusions and recommendations section. Ensure the output includes:
Three conclusions drawn from the analysis.
Three specific actionable recommendations.
No vague or generic advice.",False,,False,,True,,,none,not_required
P0020,1.20,assignment_writing,Produce assignment front matter including declaration and acknowledgement.,"I need to put together the front matter for my final year university project report and I am not sure what the standard wording is. Could you please write me a title page layout, a plagiarism declaration statement, and a short acknowledgement section? Please use placeholders for my name, my supervisor's name and the university so that I can fill them in myself later.","For a final year university project report, produce standard front matter using placeholders for name, supervisor and institution. Ensure the output includes:
Title page layout with required fields.
A plagiarism declaration statement.
A short acknowledgement section.",False,,False,,True,,,none,not_required
P0021,2.1,exam_preparation,Generate practice multiple-choice questions on database normalization for a DBMS exam.,"I have an upcoming exam for my university Database Management Systems course and I need some practice questions to prepare. Can you please generate 5 practice multiple-choice questions for me focusing on SQL normalization (1NF, 2NF, and 3NF)? Please include 4 options for each question, clearly mark the correct answer, and provide a short explanation for each answer so I can study well for my test.","For university DBMS exam prep, generate 5 practice MCQs on database normalization (1NF, 2NF, 3NF). Ensure the output includes:
4 distinct options per question.
The clearly indicated correct answer.
A brief explanation for each answer.",False,,False,,True,,,none,not_required
P0022,2.2,exam_preparation,Create short-answer theory questions on CPU scheduling for an Operating Systems exam.,I am studying for my university Operating Systems mid-term exam and I want to practice answering conceptual short questions. Could you please generate 3 short-answer exam questions about CPU scheduling algorithms like Round Robin and SJF? Please provide a concise standard answer for each question so I can grade myself after attempting them.,"For an Operating Systems exam review, generate 3 short-answer theoretical questions on CPU scheduling, focusing on SJF and Round Robin. Provide:
1. Clear conceptual questions.
2. Concise model answers for self-grading.",True,Removed FCFS and the optimized-only three-sentence answer limit.,False,,True,,,none,not_required
P0023,2.3,exam_preparation,Create step-by-step mathematical derivation problems for an Algorithms exam.,I need to practice mathematical proofs and time complexity derivations for my university Data Structures and Algorithms final exam. Can you give me 1 practice problem where I have to solve recurrences using the Master Theorem? Please state the problem clearly and then provide a step-by-step mathematical solution for each so I can double-check my steps.,"For an Algorithms exam, create 1 recurrence relation practice problem solved via the Master Theorem. Provide:
Explicit recurrence equation T(n).
Step-by-step mathematical solution derivation.
Final Big-O time complexity bound.",False,,False,,True,,,none,not_required
P0024,2.4,exam_preparation,Create scenario-based troubleshooting exam questions for a Computer Networks exam.,I have a Computer Networks exam coming up that includes practical scenario questions. Can you generate 2 realistic network troubleshooting scenarios involving IP routing and subnetting issues? Please describe the scenario problem and then give a structured bulleted solution explaining how to diagnose and resolve the network issue.,"For a Computer Networks exam, generate 2 scenario-based troubleshooting problems on IP routing and subnetting. Provide:
Problem scenario.
Step-by-step diagnosis procedure.
Solution and configuration fix.",False,,False,,True,,,none,not_required
P0025,2.5,exam_preparation,Generate study flashcard pairs for core concepts in an Object-Oriented Programming exam.,"I am revising key definitions and concepts for my university Object-Oriented Programming exam tomorrow. Can you create 3 flashcard style revision prompts covering OOP core concepts like Encapsulation, Polymorphism, and Abstraction? Please present them with a front question and a clear back answer so I can quickly test my memory.","For an Object-Oriented Programming exam revision, create 3 flashcard pairs covering Encapsulation, Polymorphism, and Abstraction. Each pair should contain:
1. A clear front-side conceptual question.
2. A concise back-side answer.",True,Matched the baseline's three named OOP concepts and removed the optimized-only sentence limit.,False,,True,,,none,not_required
P0026,2.6,exam_preparation,Generate numerical practice problems on paging and TLB for an Operating Systems exam.,"My university Operating Systems exam always has numerical questions on memory management and I struggle with them. Could you please create 3 numerical practice problems on paging that involve calculating the number of pages, the page table size, and the effective memory access time with a TLB? Please give the full working for each one so that I can follow how the answer was reached.","For an Operating Systems exam, generate 3 numerical paging problems covering page count, page table size, and effective memory access time with a TLB. Each problem must include:
Stated parameters and units.
Full step-by-step working.
Final numerical answer.",False,,False,,True,,,none,not_required
P0027,2.7,exam_preparation,Produce a past-paper style long question with a marking scheme for a DBMS exam.,"I want to practise answering the long questions that come at the end of my university Database Management Systems exam paper. Can you please write one 10-mark question on transaction concurrency control, and then also give me the marking scheme showing how the 10 marks would be split across the different parts of a good answer? That way I can see what the examiner is actually looking for.","For a university DBMS exam, produce one 10-mark long question on transaction concurrency control with its marking scheme. Ensure the output includes:
1. The exam question with clearly divided parts.
2. A mark allocation breakdown totalling 10 marks.
3. The key points expected for the allocated marks.",True,Reworded 'mark band' to match the baseline's requested marking scheme.,False,,True,,,none,not_required
P0028,2.8,exam_preparation,Create a one-page revision cheat sheet on the OSI model for a networks exam.,"I have a Computer Networks exam in two days and I want a single page of notes that I can revise from quickly on the morning of the exam. Could you please make me a condensed revision sheet on the OSI model? I would like each of the seven layers with its function, its protocol data unit, and one example protocol, laid out so it is fast to scan rather than written as long paragraphs.","For a Computer Networks exam, create a one-page scannable revision sheet on the OSI model. Ensure the output includes:
All seven layers in order.
Function, protocol data unit and one example protocol per layer.
Table or list format, no prose paragraphs.",False,,False,,True,,,none,not_required
P0029,2.9,exam_preparation,Create memory aids and mnemonics for an anatomy exam.,I am preparing for my university Anatomy exam and I keep forgetting the order of the cranial nerves and the bones of the wrist. Could you please give me 3 memory aids or mnemonics that would help me remember these lists? For each one please show the mnemonic and then map each letter to the actual term so I can check I am recalling it correctly.,"For a university Anatomy exam, create 3 memory aids or mnemonics covering cranial nerve order and carpal bones. Each must include:
1. The mnemonic phrase.
2. A letter-by-letter mapping to the correct anatomical terms.",True,Removed the optimized-only 'when to use it' requirement.,False,,True,,,none,not_required
P0030,2.10,exam_preparation,Generate a true or false quiz with justifications for a software testing exam.,"I am revising for my university Software Testing exam and I would like to test whether I really understand the concepts or just recognise them. Can you please write 6 true or false statements about black box testing, white box testing and regression testing? For each statement please state whether it is true or false and give a one sentence justification explaining why.","For a Software Testing exam, generate a 6-item true/false quiz on black box, white box and regression testing. For each item provide:
The statement.
The correct true/false verdict.
A one-sentence justification.",False,,False,,True,,,none,not_required
P0031,2.11,exam_preparation,Build a timed mock test with time allocation for a data structures exam.,"My university Data Structures exam is 90 minutes long and I always run out of time, so I want to practise under timed conditions. Could you please build me a 90 minute mock test containing a mixture of short questions and one longer question on trees and graphs? Please suggest how many minutes I should spend on each question so that I can pace myself properly during the real exam.","For a Data Structures exam, build a 90-minute mock test on trees and graphs. Ensure the output includes:
1. A mix of short questions and one extended question.
2. Suggested minutes to spend on each question, totalling 90.",True,Removed the optimized-only marks-per-question requirement.,False,,True,,,none,not_required
P0032,2.12,exam_preparation,Create a quick-reference comparison sheet of commonly confused OS concepts.,"In my university Operating Systems exam I always mix up pairs of concepts that sound similar and lose marks for it. Could you please make me a quick reference sheet comparing four commonly confused pairs, such as process versus thread and paging versus segmentation? For each pair please give the key distinguishing point in one line so it is easy to memorise.","For an OS exam, create a quick-reference sheet comparing 4 commonly confused concept pairs, including process/thread and paging/segmentation. For each pair:
1. Label both terms.
2. State the key distinguishing point in one line.",True,Removed the optimized-only 'exam trap' requirement.,False,,True,,,none,not_required
P0033,2.13,exam_preparation,Create an error-spotting exercise on SQL queries for a database exam.,"My university Database exam includes questions where you have to find the mistake in a piece of SQL, and I want to practise that skill. Can you please write 4 short SQL queries that each contain one deliberate error involving things like GROUP BY, HAVING or JOIN conditions? For each query please then explain what the error is and give the corrected version.","For a Database exam, create a 4-item SQL error-spotting exercise covering GROUP BY, HAVING and JOIN mistakes. For each item provide:
The faulty query.
An explanation of the single error.
The corrected query.",False,,False,,True,,,none,not_required
P0034,2.14,exam_preparation,Generate diagram labelling questions for a computer architecture exam.,"I have a Computer Architecture exam where we get given diagrams and have to label the components and explain what they do. Could you please create 3 diagram based questions covering the CPU datapath, the memory hierarchy and the instruction cycle? Please describe the diagram in words, list the parts I would need to label, and then give the correct labels with a short function for each.","For a Computer Architecture exam, generate 3 diagram-labelling questions covering the CPU datapath, memory hierarchy and instruction cycle. Each question must include:
A written description of the diagram.
The list of components to be labelled.
Correct labels with a one-line function each.",False,,False,,True,,,none,not_required
P0035,2.15,exam_preparation,Build a seven-day spaced revision timetable for a final exam.,I have my university Machine Learning final exam in one week and there are six major topics on the syllabus that I need to cover. Could you please build me a seven day revision timetable that uses spaced repetition so that I revisit each topic more than once rather than studying each one only on a single day? Please show what I should do on each day and roughly how long each session should be.,"For a Machine Learning final exam in seven days covering six syllabus topics, build a spaced-repetition revision timetable. Ensure the output includes:
A day-by-day schedule for all seven days.
Each topic revisited at least twice on non-consecutive days.
Session duration for each block.",False,,False,,True,,,none,not_required
P0036,2.16,exam_preparation,Generate viva voce practice questions for a final year project defence.,"I have to defend my final year project in a viva at university next week and I am nervous about the questions the panel might ask. My project was a machine learning model for predicting student dropout. Could you please give me 6 likely viva questions and a suggested way to answer each one? Please include some difficult questions about limitations, because those are the ones I am most worried about.","For a final year project viva on a machine learning student-dropout prediction model, generate 6 likely examiner questions with concise suggested answers. Include challenging questions about project limitations.",True,"Removed the optimized-only forced 2/2/2 distribution across methodology, results, and limitations.",False,,True,,,none,not_required
P0037,2.17,exam_preparation,Produce an annotated formula sheet for a statistics exam.,"My university Statistics exam allows one formula sheet, but I find that just having the formulas is not enough because I forget when to use each one. Could you please make me a formula sheet covering hypothesis testing that lists each formula and then adds a short note saying when it should be applied and what the symbols mean? Please cover the main tests we would be expected to know.","For a university Statistics exam, produce an annotated hypothesis-testing formula sheet. For each formula include:
The formula itself.
Definition of each symbol.
A one-line note on when to apply it.",False,,False,,True,,,none,not_required
P0038,2.18,exam_preparation,Provide a fully worked subnetting example for a networking exam.,"I can never follow the subnetting questions in my university Networking exam because the worked examples in my notes skip steps. Could you please take one address such as 192.168.10.0/24 that needs to be divided into 6 usable subnets, and work through it completely? Please show every step including the borrowed bits, the new mask, and the address range for each subnet.","For a Networking exam, fully work through dividing 192.168.10.0/24 into 6 usable subnets. Show:
Borrowed bits and the calculation.
Subnet mask in dotted decimal and CIDR.
Network, first host, last host and broadcast per subnet.",False,,False,,True,,,none,not_required
P0039,2.19,exam_preparation,List common exam mistakes and how to avoid them for a thermodynamics exam.,"I keep losing marks in my university Thermodynamics exam even when I understand the topic, and I think I am making the same errors repeatedly. Could you please list 6 of the most common mistakes students make in thermodynamics exam questions, for example with sign conventions or units? For each mistake please explain why it happens and give me a check I can do to avoid it.","For a university Thermodynamics exam, list 6 common student mistakes, including sign convention and unit errors. For each mistake provide:
A description of the error.
Why it commonly occurs.
A specific check to prevent it.",False,,False,,True,,,none,not_required
P0040,2.20,exam_preparation,Create practice coding exam questions with test cases for a programming exam.,"My university Programming exam is done on a computer and the answers are checked automatically against test cases, so I want to practise in the same way. Could you please write 3 practice coding questions of increasing difficulty on string and array manipulation? For each one please give the problem statement, the expected input and output format, and three test cases including one edge case.","For a computer-based Programming exam, create 3 coding questions of increasing difficulty on string and array manipulation. Each question must include:
A precise problem statement.
Input and output format specification.
Three test cases, one of which is an edge case.",False,,False,,True,,,none,not_required
P0041,3.1,programming_help,Debug a Python function that raises an IndexError inside a loop.,"I am doing a lab exercise for my university Python programming class and my function keeps crashing with an IndexError when I run it. The function is supposed to compare each element of a list with the next one, but it fails on the last iteration. Could you please explain why this happens and show me the corrected function? Please also add a short comment in the code so I understand the fix when I revise later.","Debug a Python function that raises IndexError while comparing each list element with the following element on the final iteration. Ensure the output includes:
Explanation of the root cause.
The corrected function.
An inline comment marking the fix.",False,,False,,True,,,none,not_required
P0042,3.2,programming_help,Fix a JavaScript function that returns undefined because of an unawaited promise.,I am building a small web project for my university Web Development module and one of my JavaScript functions keeps returning undefined instead of the data I fetched from the API. I think it has something to do with promises but I am not sure what I have done wrong. Can you please explain what the problem is and give me a corrected version of the function using async and await?,"Fix a JavaScript function that returns undefined because the fetched promise is never awaited. Ensure the output includes:
1. Explanation of why undefined is returned.
2. A corrected version using async/await.",True,Removed the optimized-only rejected-promise handling requirement.,False,,True,,,none,not_required
P0043,3.3,programming_help,Write a SQL query joining three tables with aggregation.,"For my university Database lab I have three tables called students, enrolments and courses, and I need to produce a report. Could you please write me a SQL query that lists each student's name together with the number of courses they are enrolled in, but only includes students who are taking more than two courses? Please also explain briefly how the joins and the grouping work so I can answer questions about it in my lab viva.","Write a SQL query over students, enrolments and courses tables returning each student name with their enrolled course count, restricted to students enrolled in more than two courses. Ensure the output includes:
1. The complete query.
2. Correct use of JOIN, GROUP BY and HAVING.
3. A brief explanation of the joins and grouping logic.",True,Removed the optimized-only two-sentence explanation limit.,False,,True,,,none,not_required
P0044,3.4,programming_help,Refactor a long function into smaller single-responsibility functions.,"My lecturer gave me feedback on my university Software Engineering project saying that one of my Python functions is far too long and does too many things at once. The function reads a CSV file, cleans the data, calculates statistics and then prints a report all in one place. Could you please show me how to refactor it into smaller functions, and explain the reasoning behind how you split it up?","Refactor a single Python function that reads a CSV, cleans data, computes statistics and prints a report into separate single-responsibility functions. Ensure the output includes:
1. The refactored functions.
2. A coordinating main function.
3. A brief rationale for how the responsibilities were split.",True,Removed the optimized-only type-hint requirement.,False,,True,,,none,not_required
P0045,3.5,programming_help,Write unit tests for a given Python function.,"I have to submit unit tests along with my code for my university Software Testing coursework, but I have never written tests before. I have a function that calculates the final grade from a list of assessment marks and weights. Could you please write unit tests for it using pytest? Please include a normal case, an edge case and a case where the input is invalid, so that I cover the different situations the marking scheme mentions.","Write pytest unit tests for a Python function that calculates a weighted final grade from marks and weights. Ensure the output includes:
One typical-case test.
One edge-case test.
One invalid-input test asserting the raised exception.",False,,False,,True,,,none,not_required
P0046,3.6,programming_help,Fix a React component that re-renders infinitely.,"I am working on the frontend of my university group project and my React page freezes the browser because it keeps re-rendering over and over. I have a useEffect hook that updates a state variable, and I think that is what causes the loop, but I do not understand why. Could you please explain what causes the infinite re-render and show me the corrected hook?","Fix a React useEffect hook that causes an infinite re-render loop by updating state without a correct dependency array. Ensure the output includes:
1. Explanation of the render-loop mechanism.
2. The corrected hook with an appropriate dependency array.",True,Removed the optimized-only note about when an empty dependency array is appropriate.,False,,True,,,none,not_required
P0047,3.7,programming_help,Implement binary search handling edge cases correctly.,"I am practising coding problems for my university Algorithms lab and my binary search implementation sometimes goes into an infinite loop when the target value is not in the array. Could you please write a correct iterative binary search in Python for me, and point out the specific parts where implementations usually go wrong such as the loop condition and how the midpoint is calculated?","Implement an iterative binary search in Python that terminates correctly when the target is absent. Ensure the output includes:
The complete function.
Correct loop condition and midpoint calculation.
A note on the two most common off-by-one errors.",False,,False,,True,,,none,not_required
P0048,3.8,programming_help,Replace a slow Python loop with vectorised pandas operations.,I am analysing a dataset for my university Data Analytics assignment and my code takes several minutes to run because I loop through every row of the dataframe to calculate a new column. Could you please show me how to rewrite this using pandas operations instead of a loop? Please also explain briefly why the vectorised version is faster so I can mention it in my report.,"Rewrite a row-by-row pandas loop that derives a new column into a vectorised operation. Ensure the output includes:
1. The vectorised replacement code.
2. A brief explanation of why it is faster.",True,Removed the optimized-only missing-value requirement.,False,,True,,,none,not_required
P0049,3.9,programming_help,Write a Flask REST endpoint returning JSON with error handling.,"For my university Web Technologies project I need to build a small API and I am using Flask for the first time. Could you please write me an endpoint that accepts a student id in the URL and returns that student's record as JSON? Please make sure it returns a proper 404 response if the student does not exist, because my lecturer said error handling is part of the marks.","Write a Flask GET endpoint /students/<id> that returns a student record as JSON. Ensure the output includes:
1. The route function with correct decorator.
2. The JSON record when the student exists.
3. A 404 response when the id does not exist.",True,Removed the unnecessary explicit 200-status requirement not stated in the baseline.,False,,True,,,none,not_required
P0050,3.10,programming_help,Explain and correct a faulty regular expression for email validation.,"I wrote a regular expression to validate email addresses in my university Python project, but it accepts some obviously invalid addresses and rejects some valid ones. I do not really understand what each part of my pattern is doing. Could you please explain the pattern piece by piece and then give me a more reliable version with an explanation of what changed?","Explain and correct a faulty email-validation regular expression in Python. Ensure the output includes:
A component-by-component breakdown of the original pattern.
A corrected pattern.
Two example strings it now handles correctly.",False,,True,Provide the original faulty regular expression and a small set of valid/invalid example addresses.,True,contexts/P0050_shared_input.txt,contexts/P0050_shared_input.txt,researcher-created controlled input,ready
P0051,3.11,programming_help,Resolve a Git merge conflict step by step.,"I am working with two classmates on our university group project and when I tried to merge my branch into main, Git reported a conflict in one of our files. I have never dealt with this before and I am worried about losing my teammate's work. Could you please give me the exact steps to inspect the conflict, resolve it safely, and finish the merge?","Give the exact command sequence to resolve a Git merge conflict in a single file and complete the merge. Ensure the output includes:
Commands to inspect the conflicting file.
Explanation of the conflict marker syntax.
Commands to stage the resolution and complete the merge.",False,,False,,True,,,none,not_required
P0052,3.12,programming_help,Write a Dockerfile for a Python application.,"My university Cloud Computing coursework requires me to containerise my Python application and I have never written a Dockerfile before. My app has a requirements file and it runs from a file called app.py on port 5000. Could you please write a Dockerfile for it and explain what each instruction does, since I have to justify my choices in the report?","Write a Dockerfile for a Python application with requirements.txt, entry point app.py, and port 5000. Ensure the output includes:
1. The complete Dockerfile.
2. A brief explanation of what each instruction does.",True,Removed the optimized-only layer-caching requirement.,False,,True,,,none,not_required
P0053,3.13,programming_help,Optimise a slow SQL query using indexing and rewriting.,"In my university Database project one of my queries takes far too long to run now that I have loaded a larger dataset into the table. The query filters on a date column and joins to another table. Could you please suggest how I could make it faster, for example by adding an index or rewriting the query, and explain how I would check whether the change actually helped?","Optimise a slow SQL query that filters on a date column and joins a second table. Ensure the output includes:
The recommended index statement.
A rewritten version of the query.
How to verify the improvement using EXPLAIN.",False,,True,Provide the original SQL query plus minimal table/index schema needed to rewrite it meaningfully.,True,contexts/P0053_shared_input.txt,contexts/P0053_shared_input.txt,researcher-created controlled input,ready
P0054,3.14,programming_help,Add robust exception handling to Python file input and output.,"My university Python assignment requires the program to keep running even if something goes wrong when reading a file, but at the moment my program just crashes if the file is missing. Could you please show me how to add proper exception handling to my file reading code? Please handle the case where the file does not exist and the case where the program does not have permission to open it.","Add exception handling to Python code that reads a file. Ensure the output includes:
1. Separate handling for FileNotFoundError and PermissionError.
2. A user-facing message for each failure case.
3. Code that allows the program to handle these errors without crashing.",True,Removed the optimized-only requirement to use a with statement and matched the baseline's file-reading scope.,False,,True,,,none,not_required
P0055,3.15,programming_help,Write a Java class demonstrating proper encapsulation.,"For my university Object-Oriented Programming lab I have to write a class that demonstrates encapsulation properly, and my previous attempt lost marks because I made all the fields public. Could you please write me a Java class representing a bank account with private fields and proper getters and setters? Please make sure the setter prevents an invalid negative balance, as that was part of the task.","Write a Java BankAccount class demonstrating encapsulation. Ensure the output includes:
1. Private fields.
2. Public getters and setters.
3. Validation in the balance setter that rejects a negative balance.",True,Removed optimized-only deposit and withdraw methods.,False,,True,,,none,not_required
P0056,3.16,programming_help,Diagnose and fix a segmentation fault caused by an uninitialised pointer in C.,I am doing a C programming lab at university and my program compiles fine but crashes with a segmentation fault as soon as it runs. I am using a pointer to store a value but I think I may have forgotten something important. Could you please explain what causes this kind of crash and show me the corrected code with the memory handled properly?,"Diagnose and fix a C segmentation fault caused by dereferencing an uninitialised pointer. Ensure the output includes:
Explanation of why the crash occurs.
Corrected code allocating memory with malloc.
The matching free call and a NULL check.",False,,False,,True,,,none,not_required
P0057,3.17,programming_help,Compare recursive and iterative implementations of the same algorithm.,"My university Algorithms coursework asks me to implement factorial both recursively and iteratively and then discuss the difference between them. Could you please write both versions in Python and then explain how they compare in terms of time complexity, memory usage and the risk of a stack overflow? I need enough detail to write a short discussion paragraph.","Implement factorial in Python both recursively and iteratively, then compare them. Ensure the output includes:
Both implementations.
Time and space complexity for each.
A note on recursion depth limits.",False,,False,,True,,,none,not_required
P0058,3.18,programming_help,Add server-side input validation to a form handler.,"My university Web Development lecturer said my project would fail the security check because I trust whatever the user types into my registration form. At the moment I just take the values and insert them straight into the database. Could you please show me how to add proper server-side validation for the email and password fields in Python, and explain why client-side validation alone is not enough?","Add server-side validation to a Python registration form handler for email and password fields. Ensure the output includes:
1. Validation rules for both fields.
2. Server-side validation code.
3. A brief explanation of why client-side validation alone is insufficient.",True,Removed the optimized-only structured-error-output requirement.,False,,True,,,none,not_required
P0059,3.19,programming_help,Generate a labelled matplotlib chart from a dataframe.,"I need a chart to include in my university Data Analytics report and I am using matplotlib for the first time. I have a pandas dataframe with a category column and a value column, and I want a bar chart of the values by category. Could you please write the code for me and make sure the chart has a title and axis labels, and that it saves to a PNG file so I can insert it into my document?","Write matplotlib code to plot a bar chart of value by category from a pandas dataframe. Ensure the output includes:
1. A title and axis labels.
2. Saving the figure to a PNG file.",True,Removed optimized-only label-rotation and 150-dpi requirements.,False,,True,,,none,not_required
P0060,3.20,programming_help,Interpret a compiler error message and correct the code.,"I am learning Java in my university programming module and I get an error saying incompatible types: possible lossy conversion from double to int, but I do not understand what the compiler is telling me. Could you please explain in plain language what this error actually means, why Java complains about it, and show me the two different ways I could fix it in my code?","Explain the Java compiler error 'incompatible types: possible lossy conversion from double to int' and correct the code. Ensure the output includes:
A plain-language explanation of the error.
Fix by explicit cast, with its consequence.
Fix by changing the variable type.",False,,False,,True,,,none,not_required
P0061,4.1,concept_learning,Explain recursion with an analogy and a worked trace.,"I am a first year Computer Science student and my lecturer explained recursion today but I still do not really get how a function can call itself without going on forever. Could you please explain recursion to me in simple terms with an everyday analogy, and then walk me through what actually happens step by step when a recursive factorial function runs? I learn better when I can see the sequence of calls.","Explain recursion to a first-year Computer Science student. Ensure the output includes:
One everyday analogy.
Definition of base case and recursive case.
A step-by-step call trace for factorial(4).",False,,False,,True,,,none,not_required
P0062,4.2,concept_learning,Explain database normalization and when denormalization is appropriate.,"I am studying databases at university and I understand that normalization is supposed to remove redundancy, but I do not understand why anyone would ever deliberately denormalize a database afterwards. Could you please explain the purpose of normalization using a simple example table, and then explain in what situations denormalization actually makes sense? Please keep it at a level suitable for someone still learning the basics.","Explain database normalization and denormalization to a beginner. Ensure the output includes:
1. The purpose of normalization, using one simple example table.
2. How normalization reduces redundancy in that example.
3. Situations where denormalization is appropriate.",True,Removed optimized-only full unnormalized-to-3NF transformation and fixed count of denormalization cases.,False,,True,,,none,not_required
P0063,4.3,concept_learning,Explain how HTTPS protects data in transit.,"I keep reading that HTTPS makes a website secure but I do not actually understand what happens behind the scenes when I visit a site with the padlock icon. Could you please explain in about 250 words what HTTPS actually does, what the certificate is for, and how the browser and the server agree on the encryption? I would like to understand it properly rather than just knowing that it is safer.","Explain how HTTPS protects data in transit, in about 250 words, for a student with no cryptography background. Ensure the output covers:
The role of the server certificate.
What happens during the handshake.
What is encrypted once the session is established.",False,,False,,True,,,none,not_required
P0064,4.4,concept_learning,Explain Big-O notation using everyday comparisons.,"My Algorithms lecturer keeps writing things like O(n) and O(log n) on the board and I can follow the maths but I have no intuition for what it actually means in practice. Could you please explain Big-O notation in a way that connects it to something real, and show me how the common complexities compare when the input gets large? A concrete sense of scale would really help me.","Explain Big-O notation intuitively for an Algorithms student. Include:
1. What Big-O describes.
2. Everyday comparisons for common complexity classes.
3. A concrete sense of how their operation counts differ as input size grows.",True,Removed optimized-only fixed complexity list and specific input sizes.,False,,True,,,none,not_required
P0065,4.5,concept_learning,"Explain the relationship between AI, machine learning and deep learning.","People at university use the terms artificial intelligence, machine learning and deep learning as if they mean the same thing and I am getting confused about how they actually relate to each other. Could you please explain the difference clearly, showing which one contains which, and give me one concrete example of each so I can tell them apart when I read papers?","Explain how artificial intelligence, machine learning and deep learning relate to one another. Ensure the output includes:
1. The difference between the three terms and their containment relationship.
2. One concrete example of each.",True,Removed the optimized-only requirement for an AI example that is not machine learning.,False,,True,,,none,not_required
P0066,4.6,concept_learning,Explain what an API is using an analogy and a concrete request example.,"I am in my second year at university and everyone talks about using APIs but nobody has actually explained what an API is in a way that made sense to me. Could you please explain what an API is using a simple analogy, and then show me what an actual request and response look like so I can connect the abstract idea to something concrete? I would find a real example very helpful.","Explain what an API is to a second-year student. Ensure the output includes:
1. One everyday analogy.
2. A sample HTTP GET request.
3. The corresponding JSON response.",True,Removed the optimized-only annotation requirement for the JSON response.,False,,True,,,none,not_required
P0067,4.7,concept_learning,Explain the difference between containers and virtual machines.,"I have started reading about Docker for my university project and I keep seeing people say that containers are not the same as virtual machines, but the diagrams I find online do not really make the difference clear to me. Could you please explain how containers differ from virtual machines, what they each virtualise, and why containers start up so much faster? Please keep it under about 300 words.","Explain how containers differ from virtual machines, in under 300 words. Ensure the output covers:
1. What each one virtualises.
2. Why container start-up is faster.",True,Removed the optimized-only scenario where a VM is the better choice.,False,,True,,,none,not_required
P0068,4.8,concept_learning,Explain how DNS resolves a domain name to an IP address.,"When I type a website address into my browser I know that it somehow gets turned into an IP address, but I do not understand the actual sequence of what asks what. Could you please explain the DNS resolution process step by step from the moment I press enter, and mention where caching fits in? I am studying networking so a reasonably technical answer is fine.","Explain the DNS resolution sequence from browser request to IP address for a networking student. Ensure the output includes:
1. The ordered steps involving resolver, root, TLD and authoritative servers.
2. Where caching fits into the process and what effect it has.",True,Removed the optimized-only TTL requirement.,False,,True,,,none,not_required
P0069,4.9,concept_learning,Explain ACID properties using a bank transfer example.,"My database lecturer listed the ACID properties and gave definitions, but the definitions felt abstract and I could not picture what would actually go wrong if each one was missing. Could you please explain atomicity, consistency, isolation and durability using a single bank transfer example, and for each property describe what would break if the database did not guarantee it?","Explain the four ACID properties using a single bank transfer example. For each property include:
A one-line definition.
How the transfer example demonstrates it.
What would go wrong if the database did not guarantee it.",False,,False,,True,,,none,not_required
P0070,4.10,concept_learning,Explain gradient descent intuitively before the mathematics.,"I am taking a machine learning module and the lecture went straight into the partial derivatives for gradient descent, which I could not follow at all. Could you please explain what gradient descent is actually doing conceptually first, using a picture in words, and only then connect it to the update rule? I think I need the intuition before the equations will make sense to me.","Explain gradient descent to a machine learning student, intuition before mathematics. Ensure the output includes:
1. A visual analogy described in words.
2. What the gradient represents at a point.
3. The update rule connected back to the analogy.",True,Removed the optimized-only learning-rate failure case.,False,,True,,,none,not_required
P0071,4.11,concept_learning,Explain the four pillars of object-oriented programming with one running example.,"I am learning object-oriented programming at university and every explanation I find uses a different example for each principle, which makes it hard to see how they fit together. Could you please explain encapsulation, inheritance, polymorphism and abstraction using one single running example throughout, so I can see how the same design uses all four? A vehicle or shape example would be fine.","Explain encapsulation, inheritance, polymorphism and abstraction using one continuous example. Show how the same example demonstrates each of the four principles.",True,Removed optimized-only code sketches and per-principle benefit requirements.,False,,True,,,none,not_required
P0072,4.12,concept_learning,Explain the TCP three-way handshake and its purpose.,"I have memorised that TCP uses a three-way handshake with SYN, SYN-ACK and ACK for my networking exam, but I do not understand why three messages are needed rather than two. Could you please explain what each message actually accomplishes and why a two-way exchange would not be sufficient? Understanding the reason would help me remember it properly.","Explain the TCP three-way handshake and why three messages are required. Ensure the output includes:
1. What SYN, SYN-ACK and ACK each accomplish.
2. Why a two-message exchange would be insufficient.",True,Removed the optimized-only initial-sequence-number requirement.,False,,True,,,none,not_required
P0073,4.13,concept_learning,Explain a practical Git branching workflow for a student team.,"My group at university is working on a shared project and we keep overwriting each other's work because we are all committing directly to the main branch. Could you please explain a simple branching workflow that a team of four students could realistically follow, including when to branch, when to merge, and how pull requests fit in? Please keep it practical rather than theoretical.","Explain a practical Git branching workflow for a four-student team currently committing directly to main. Ensure the output includes:
1. When to create a branch.
2. The role of pull requests and review.
3. When and how to merge back into main safely.",True,Removed the optimized-only branch-naming-convention requirement.,False,,True,,,none,not_required
P0074,4.14,concept_learning,Explain caching and why cache invalidation is difficult.,"I understand that caching stores data so it can be retrieved faster, but people always say that cache invalidation is one of the hardest problems in computer science and I do not understand why something that sounds simple would be hard. Could you please explain how caching works and then explain concretely what makes invalidation so difficult? An example of it going wrong would help.","Explain how caching works and why cache invalidation is difficult. Ensure the output includes:
1. A clear explanation of what caching does.
2. Why deciding when cached data is stale is difficult.
3. One concrete example of stale cached data causing a problem.",True,Removed optimized-only terminology and strategy requirements not requested by the baseline.,False,,True,,,none,not_required
P0075,4.15,concept_learning,Explain public key cryptography and how it enables digital signatures.,"I am struggling with the idea that you can encrypt something with one key and decrypt it with a different key, because it feels like it should not be possible. Could you please explain public key cryptography in a way that makes the two-key idea intuitive, and then explain how the same mechanism is used to create a digital signature? I do not need the number theory, just the logic.","Explain public key cryptography and digital signatures without number theory. Ensure the output includes:
Why a key pair allows one key to undo the other.
Which key encrypts and which decrypts for confidentiality.
How the reverse direction produces a signature and what it proves.",False,,False,,True,,,none,not_required
P0076,4.16,concept_learning,Explain deadlock using the dining philosophers scenario.,"My Operating Systems lecturer described the four conditions for deadlock but I found the list quite abstract and hard to hold in my head. Could you please explain deadlock using the dining philosophers problem as the example, and show how each of the four necessary conditions appears in that scenario? Then please explain one way of breaking the deadlock.","Explain deadlock using the dining philosophers scenario. Ensure the output includes:
The scenario described briefly.
Each of the four necessary conditions mapped onto the scenario.
One concrete strategy that breaks the deadlock and which condition it removes.",False,,False,,True,,,none,not_required
P0077,4.17,concept_learning,Explain the difference between a compiler and an interpreter.,"I know that C is compiled and Python is interpreted but I am not confident about what that actually means for how my code runs, or why one would be faster than the other. Could you please explain the difference between a compiler and an interpreter, when the translation happens in each case, and how that affects error reporting and execution speed?","Explain the difference between a compiler and an interpreter. Ensure the output covers:
When translation occurs in each model.
How errors are reported in each.
Why execution speed differs.
One named language of each type.",False,,False,,True,,,none,not_required
P0078,4.18,concept_learning,Explain overfitting and how to detect it.,"In my machine learning coursework my model gets 99 percent accuracy on the training data but performs badly on the test data, and my tutor said this is overfitting. I understand the label but not really the cause. Could you please explain what overfitting actually is, why it happens, how I would recognise it from my results, and what I could do to reduce it?","Explain overfitting to a student whose model performs very well on training data but poorly on test data. Ensure the output includes:
1. What overfitting is and why it occurs.
2. How to recognise it from training versus validation/test performance.
3. Practical techniques to reduce it.",True,Removed optimized-only validation-curve wording and fixed count of mitigation techniques.,False,,True,,,none,not_required
P0079,4.19,concept_learning,Explain load balancing and common distribution algorithms.,"I am reading about how large websites handle millions of users for my university Cloud Computing module and load balancing comes up constantly, but I only vaguely understand it as spreading traffic around. Could you please explain what problem load balancing actually solves, and describe how two of the common algorithms decide where to send each request? Please keep it accessible.","Explain load balancing for a Cloud Computing student. Ensure the output includes:
1. The problem load balancing solves.
2. How round robin selects a server.
3. How least connections selects a server.",True,Removed the optimized-only health-check requirement.,False,,True,,,none,not_required
P0080,4.20,concept_learning,Explain green computing and how data centre efficiency is measured.,"I am doing a project related to sustainable computing and I keep coming across the term green computing along with a metric called PUE, but I am not confident that I understand either of them properly. Could you please explain what green computing covers, what PUE actually measures, and what a good PUE value looks like? Please also mention one thing an ordinary user could do to reduce computing energy use.","Explain green computing and PUE for a sustainability project. Ensure the output includes:
1. The main focus areas of green computing.
2. What PUE measures and what an efficient value looks like.
3. One action an individual user can take to reduce computing energy use.",True,Removed optimized-only calculation and typical-versus-efficient comparison details.,False,,True,,,none,not_required
P0081,5.1,research_paper_summarization,Summarise a paper abstract into plain language for a literature review.,"I am building a literature review for my university dissertation and I have found a paper that looks relevant but the abstract is written in very dense academic language that I am struggling to follow. I will paste the full paper below. Could you please read it and give me a plain language summary of about three sentences covering what problem they tackled, what they did about it, and what they found? Plain English would really help me.","Summarise the following abstract in three plain-language sentences covering the problem, the approach and the main finding. [abstract only]
One sentence on the problem addressed.
One sentence on the method used.
One sentence on the headline result.",False,,True,Attach the full source paper(s) to the baseline and only the specified relevant section(s)/metadata to the optimized variant.,True,contexts/P0081_baseline_full_paper.txt,contexts/P0081_optimized_relevant_sections.txt,researcher-created synthetic paper context (not a real publication),ready
P0082,5.2,research_paper_summarization,Extract a paper's methodology into a structured bullet summary.,"I have to explain the methodology of a paper in my university research seminar next week and I want to make sure I have understood it correctly before I present. I am pasting the whole paper below including all the sections. Could you please go through it and summarise the methodology for me in bullet points, covering the data they used, the procedure they followed, and the variables they measured?","Summarise the methodology described in the following section as structured bullet points. [methodology section only]
Data source and sample size.
Procedure in ordered steps.
Variables measured and how.",False,,True,Attach the full source paper(s) to the baseline and only the specified relevant section(s)/metadata to the optimized variant.,True,contexts/P0082_baseline_full_paper.txt,contexts/P0082_optimized_relevant_sections.txt,researcher-created synthetic paper context (not a real publication),ready
P0083,5.3,research_paper_summarization,Condense a paper's findings into a literature review table row.,"I am putting together a summary table for the literature review chapter of my university project, where each row represents one paper. I am pasting the entire paper below. Could you please extract the information I need for my table, which is the author and year, the method they used, the dataset, the main finding, and one limitation? Please keep each entry short enough to fit in a table cell.","Extract literature-review table fields from the following material, keeping each entry concise. [paper metadata plus abstract, results and conclusion only]
1. Author and year.
2. Method and dataset.
3. Main finding.
4. One stated limitation.",True,Removed the optimized-only 12-word limit and added paper metadata so author/year can actually be extracted.,True,Attach the full source paper(s) to the baseline and only the specified relevant section(s)/metadata to the optimized variant.,True,contexts/P0083_baseline_full_paper.txt,contexts/P0083_optimized_relevant_sections.txt,researcher-created synthetic paper context (not a real publication),ready
P0084,5.4,research_paper_summarization,Identify the research gap a paper claims to address.,"For my university dissertation proposal I need to show that I understand where the gap in the existing research is, and my supervisor suggested I look at how papers themselves position their contribution. I am pasting a full paper below. Could you please read through it and tell me what research gap the authors say they are addressing, and how they justify that the gap exists?","State the research gap the authors claim to address and explain how they justify that the gap exists. [introduction and related work only]
1. The claimed research gap.
2. The evidence or reasoning used to establish it.",True,Removed optimized-only fixed sentence count and contribution-positioning requirement.,True,Attach the full source paper(s) to the baseline and only the specified relevant section(s)/metadata to the optimized variant.,True,contexts/P0084_baseline_full_paper.txt,contexts/P0084_optimized_relevant_sections.txt,researcher-created synthetic paper context (not a real publication),ready
P0085,5.5,research_paper_summarization,Extract the limitations acknowledged in a study.,"My university tutor said my literature review is too uncritical and that I should discuss the weaknesses of the studies I cite, not just their findings. I am pasting a complete paper below. Could you please identify the limitations that the authors themselves acknowledge, and also point out anything you think is a limitation that they do not mention? That would help me write a more balanced review.","List the limitations acknowledged in the following text, then identify one plausible limitation the authors do not mention. [discussion and conclusion only]
1. Each acknowledged limitation as a separate bullet.
2. One unacknowledged limitation.",True,Removed the optimized-only required sentence on how each limitation affects conclusions.,True,Attach the full source paper(s) to the baseline and only the specified relevant section(s)/metadata to the optimized variant.,True,contexts/P0085_baseline_full_paper.txt,contexts/P0085_optimized_relevant_sections.txt,researcher-created synthetic paper context (not a real publication),ready
P0086,5.6,research_paper_summarization,Compare the methods of two papers on the same problem.,"I have found two papers that address the same research problem in different ways and I need to compare them for my university assignment. I am pasting both papers in full below. Could you please compare them for me in terms of the method they used, the dataset they evaluated on, and the result they reported, and then tell me which approach appears stronger and why?","Compare the following two papers in a table, then state which approach appears stronger and why. [methodology and results sections of each paper only]
1. One column per paper.
2. Rows for method, dataset and reported result.
3. A brief reasoned judgement.",True,Changed the optimized source sections so the requested methods/datasets are actually present and removed the fixed two-sentence judgement.,True,Attach the full source paper(s) to the baseline and only the specified relevant section(s)/metadata to the optimized variant.,True,contexts/P0086_baseline_full_paper.txt,contexts/P0086_optimized_relevant_sections.txt,researcher-created synthetic paper context (not a real publication),ready
P0087,5.7,research_paper_summarization,Write a short critical appraisal paragraph of a study.,"I have to write a critical appraisal of a research paper for my university Research Methods module and I am not confident about what critical actually means in this context. I am pasting the full paper below. Could you please write a paragraph of about 200 words that evaluates the strength of the evidence, comments on whether the conclusions follow from the results, and notes anything about the sample that affects how far the findings can be generalised?","Write a 200-word critical appraisal of the following study. [methodology, results and conclusion/discussion sections only]
1. Assessment of evidence strength.
2. Whether the conclusions follow from the results.
3. Generalisability given the sample.",True,Added conclusion/discussion to the optimized context so the requested conclusion assessment is possible.,True,Attach the full source paper(s) to the baseline and only the specified relevant section(s)/metadata to the optimized variant.,True,contexts/P0087_baseline_full_paper.txt,contexts/P0087_optimized_relevant_sections.txt,researcher-created synthetic paper context (not a real publication),ready
P0088,5.8,research_paper_summarization,Extract dataset and evaluation metric details from a paper.,"I am trying to reproduce the experiment from a paper for my university project and I need to know exactly what data and evaluation setup they used. I am pasting the whole paper below including the appendices. Could you please pull out the dataset they used, how big it was, how they split it into training and testing, and which evaluation metrics they reported along with the scores they achieved?","Extract the experimental setup from the following section. [experimental setup and results sections only]
Dataset name and size.
Train/validation/test split.
Evaluation metrics with the reported scores.",False,,True,Attach the full source paper(s) to the baseline and only the specified relevant section(s)/metadata to the optimized variant.,True,contexts/P0088_baseline_full_paper.txt,contexts/P0088_optimized_relevant_sections.txt,researcher-created synthetic paper context (not a real publication),ready
P0089,5.9,research_paper_summarization,Turn a paper's conclusion into presentation bullet points.,I have to present a paper to my research group at university and I only get one slide for the conclusions. I am pasting the complete paper below. Could you please turn the conclusion into four short bullet points that would fit on a single slide? Please make them punchy enough to speak from rather than long sentences that I would just end up reading out word for word.,"Convert the following conclusion into four short presentation bullets suitable for a single slide. [conclusion section only]
The bullets should be concise enough to speak from rather than read verbatim.",True,Removed optimized-only 12-word limit and prescribed result/implication/limitation/next-step structure.,True,Attach the full source paper(s) to the baseline and only the specified relevant section(s)/metadata to the optimized variant.,True,contexts/P0089_baseline_full_paper.txt,contexts/P0089_optimized_relevant_sections.txt,researcher-created synthetic paper context (not a real publication),ready
P0090,5.10,research_paper_summarization,Write an annotated bibliography entry in APA style.,"My university assignment requires an annotated bibliography and I have never written one before, so I am not sure how much detail the annotation should contain. I am pasting a full paper below. Could you please write me an APA style annotated bibliography entry for it, with the reference followed by an annotation of about 120 words covering the purpose, the method, the findings, and why it is relevant to a study of AI energy consumption?","Write an APA-style annotated bibliography entry with an annotation of about 120 words for the following paper, framed for a study of AI energy consumption. [paper metadata plus abstract, methodology and conclusion only]
1. A formatted APA reference.
2. Purpose, method and findings.
3. Why the paper is relevant to the stated topic.",True,Added paper metadata and methodology context so the APA reference and method can be produced from supplied material.,True,Attach the full source paper(s) to the baseline and only the specified relevant section(s)/metadata to the optimized variant.,True,contexts/P0090_baseline_full_paper.txt,contexts/P0090_optimized_relevant_sections.txt,researcher-created synthetic paper context (not a real publication),ready
P0091,5.11,research_paper_summarization,Explain what a results table in a paper shows.,"I am reading a paper for my university module and there is a results table that I cannot interpret properly. I am pasting the entire paper below so you have the context you need. Could you please explain what the rows and the columns of Table 3 represent, which configuration performed best, and whether the difference between the best and second best is actually meaningful?","Explain the following results table. [Table 3, its caption and the paragraph discussing it]
Meaning of rows and columns.
Best performing configuration.
Whether the margin is meaningful.",False,,True,Attach the full source paper(s) to the baseline and only the specified relevant section(s)/metadata to the optimized variant.,True,contexts/P0091_baseline_full_paper.txt,contexts/P0091_optimized_relevant_sections.txt,researcher-created synthetic paper context (not a real publication),ready
P0092,5.12,research_paper_summarization,Extract the research questions and hypotheses from a paper.,"For my university dissertation I have to show how other studies framed their research questions, because my supervisor says mine are too vague at the moment. I am pasting a whole paper below. Could you please pull out the research questions and hypotheses exactly as the authors phrased them, so that I can see the level of precision that is expected?","Extract the research questions and hypotheses verbatim from the following text. [introduction only]
Each question or hypothesis quoted exactly as written.
Numbered as the authors number them.
No paraphrasing or rewording.",False,,True,Attach the full source paper(s) to the baseline and only the specified relevant section(s)/metadata to the optimized variant.,True,contexts/P0092_baseline_full_paper.txt,contexts/P0092_optimized_relevant_sections.txt,researcher-created synthetic paper context (not a real publication),ready
P0093,5.13,research_paper_summarization,Group a related work section into themes.,"I am trying to structure the related work chapter of my university project and I want to see how a published paper organises its own literature discussion. I am pasting the complete paper below. Could you please summarise the related work section by grouping the studies it cites into themes, with one sentence describing each theme, so I can see the pattern of organisation?","Summarise the following related work section by grouping cited studies into themes. [related work section only]
Each theme as a heading.
One sentence describing each theme.
The studies attributed to each theme.",False,,True,Attach the full source paper(s) to the baseline and only the specified relevant section(s)/metadata to the optimized variant.,True,contexts/P0093_baseline_full_paper.txt,contexts/P0093_optimized_relevant_sections.txt,researcher-created synthetic paper context (not a real publication),ready
P0094,5.14,research_paper_summarization,Paraphrase a passage to avoid plagiarism while keeping the citation.,"I want to use an idea from a paper in my university assignment but I know that copying the wording would count as plagiarism, and my own attempt at rewriting it still looks too close to the original. I am pasting the full paper below. Could you please paraphrase the key passage properly in my own academic voice, keeping the meaning accurate, and show me where the citation should go?","Paraphrase the following passage in academic English while preserving its meaning, and indicate where the in-text citation should appear. [specific passage only]",True,Removed the arbitrary optimized-only restriction on consecutive reused words.,True,Attach the full source paper(s) to the baseline and only the specified relevant section(s)/metadata to the optimized variant.,True,contexts/P0094_baseline_full_paper.txt,contexts/P0094_optimized_relevant_sections.txt,researcher-created synthetic paper context (not a real publication),ready
P0095,5.15,research_paper_summarization,Build a glossary of key terms used in a paper.,"I am reading a paper outside my usual subject area for my university module and there are a lot of technical terms in the introduction and methodology that I do not know, which is making it slow to get through. I am pasting the whole paper below. Could you please build me a short glossary of the key technical terms used in the introduction and methodology, with a one-line definition for each one written in language that a non-specialist would understand?","Build a glossary of the key technical terms in the following text, with one-line non-specialist definitions. [introduction and methodology only]
1. Include only terms actually used in the supplied text.
2. Define each term in plain language.",True,"Clarified that the requested glossary concerns the introduction and methodology, so the baseline's full-paper input is unnecessary but the output matches the optimized prompt. | Removed optimized-only alphabetical ordering requirement.",True,Attach the full source paper(s) to the baseline and only the specified relevant section(s)/metadata to the optimized variant.,True,contexts/P0095_baseline_full_paper.txt,contexts/P0095_optimized_relevant_sections.txt,researcher-created synthetic paper context (not a real publication),ready
P0096,5.16,research_paper_summarization,Write a synthesis paragraph across three papers.,"My university supervisor said my literature review reads like a list of separate summaries rather than a connected argument, and that I need to synthesise the sources instead. I am pasting three full papers below. Could you please write one paragraph of about 200 words that brings the three together, showing where they agree, where they disagree, and what that means for my topic?","Write a 200-word synthesis paragraph across the following three papers. [abstract and conclusion of each paper only]
Points of agreement across the three.
Points of disagreement.
What the combined picture implies for the topic.
No sequential paper-by-paper summary.",False,,True,Attach the full source paper(s) to the baseline and only the specified relevant section(s)/metadata to the optimized variant.,True,contexts/P0096_baseline_full_paper.txt,contexts/P0096_optimized_relevant_sections.txt,researcher-created synthetic paper context (not a real publication),ready
P0097,5.17,research_paper_summarization,Identify the statistical tests used and what they tested.,"I am evaluating whether the analysis in a paper was appropriate, as part of my university Research Methods coursework, but statistics is not my strongest area. I am pasting the entire paper below. Could you please identify which statistical tests the authors used and explain in simple terms what each test was actually testing for in this particular study?","Identify the statistical tests used in the following analysis and state in plain language what each test was used to assess. [analysis section only]
1. Name each statistical test.
2. Explain what it tested in this study.",True,Removed the optimized-only requirement to report significance values.,True,Attach the full source paper(s) to the baseline and only the specified relevant section(s)/metadata to the optimized variant.,True,contexts/P0097_baseline_full_paper.txt,contexts/P0097_optimized_relevant_sections.txt,researcher-created synthetic paper context (not a real publication),ready
P0098,5.18,research_paper_summarization,Convert a paper's findings into a slide with speaker notes.,"I have to present a paper in my university seminar and I need one slide plus something to say alongside it, because I always freeze when I only have bullet points to work from. I am pasting the complete paper below. Could you please create one slide summarising the findings, with three bullets, and then write speaker notes of about 100 words that I could actually say out loud?","Create one summary slide with three short bullets plus about 100 words of speaker notes from the following text. [results and conclusion only]
1. Three concise slide bullets.
2. Speaker notes of about 100 words in a spoken register.
3. Notes that expand on the bullets rather than simply repeating them.",True,Removed the optimized-only 10-word-per-bullet limit.,True,Attach the full source paper(s) to the baseline and only the specified relevant section(s)/metadata to the optimized variant.,True,contexts/P0098_baseline_full_paper.txt,contexts/P0098_optimized_relevant_sections.txt,researcher-created synthetic paper context (not a real publication),ready
P0099,5.19,research_paper_summarization,Assess whether a paper is relevant to a stated dissertation topic.,"I have collected far too many papers for my university dissertation on energy efficiency in machine learning and I am wasting time reading ones that turn out not to be relevant. I am pasting a full paper below. Could you please tell me whether this paper is actually relevant to my topic, explain your reasoning, and say which specific section I should read first if it is worth my time?","Assess the relevance of the following paper to a dissertation on energy efficiency in machine learning. [abstract and conclusion only]
1. A relevant or not-relevant verdict.
2. Brief justification.
3. The section to read first if the paper is relevant.",True,Removed the optimized-only fixed two-sentence justification.,True,Attach the full source paper(s) to the baseline and only the specified relevant section(s)/metadata to the optimized variant.,True,contexts/P0099_baseline_full_paper.txt,contexts/P0099_optimized_relevant_sections.txt,researcher-created synthetic paper context (not a real publication),ready
P0100,5.20,research_paper_summarization,Extract future work directions suggested by a paper.,"I am trying to find a topic for my own university research project and my supervisor suggested looking at what published papers say still needs to be done. I am pasting a complete paper below including the references. Could you please pull out the future work that the authors suggest, and for each one indicate whether it looks feasible for a single student to attempt within a few months?","Extract the future work directions suggested in the following text and rate each for single-student feasibility. [conclusion and future work section only]
Each suggested direction as a bullet.
A feasible or not feasible rating for a one-student, few-month project.
One line of justification per rating.",False,,True,Attach the full source paper(s) to the baseline and only the specified relevant section(s)/metadata to the optimized variant.,True,contexts/P0100_baseline_full_paper.txt,contexts/P0100_optimized_relevant_sections.txt,researcher-created synthetic paper context (not a real publication),ready
